{"priors": {"0": 0.5, "1": 0.5}, "word_log_probs": {"0": {"ab": -5.652489180268651, "about": -5.652489180268651, "access": -6.345636360828596, "account": -6.345636360828596, "accounts": -6.345636360828596, "act": -6.345636360828596, "activity": -6.345636360828596, "address": -6.345636360828596, "afternoon": -5.652489180268651, "agenda": -5.652489180268651, "agreement": -5.652489180268651, "alert": -6.345636360828596, "all": -5.652489180268651, "almost": -6.345636360828596, "am": -4.736198448394496, "any": -5.652489180268651, "anything": -5.652489180268651, "app": -5.652489180268651, "apple": -6.345636360828596, "appointment": -5.652489180268651, "arrive": -5.652489180268651, "articles": -5.652489180268651, "attached": -4.736198448394496, "attaching": -5.652489180268651, "attention": -6.345636360828596, "available": -5.652489180268651, "avoid": -6.345636360828596, "back": -5.652489180268651, "bank": -6.345636360828596, "banking": -5.652489180268651, "before": -4.959341999708705, "below": -6.345636360828596, "billing": -6.345636360828596, "bitcoin": -6.345636360828596, "booking": -5.652489180268651, "books": -5.652489180268651, "brief": -5.652489180268651, "business": -5.652489180268651, "call": -5.247024072160486, "card": -6.345636360828596, "certificate": -5.652489180268651, "cf": -6.345636360828596, "chance": -5.652489180268651, "charged": -5.652489180268651, "check": -5.652489180268651, "claim": -6.345636360828596, "click": -6.345636360828596, "clone": -5.652489180268651, "closed": -5.652489180268651, "comments": -5.652489180268651, "company": -6.345636360828596, "complete": -6.345636360828596, "completing": -5.652489180268651, "conference": -5.652489180268651, "confirm": -6.345636360828596, "confirmed": -5.247024072160486, "congratulations": -5.652489180268651, "consulting": -5.652489180268651, "contact": -5.652489180268651, "conversation": -5.652489180268651, "could": -6.345636360828596, "couple": -5.652489180268651, "course": -5.652489180268651, "created": -5.652489180268651, "credit": -6.345636360828596, "customer": -6.345636360828596, "customs": -6.345636360828596, "cvv": -6.345636360828596, "day": -6.345636360828596, "days": -4.959341999708705, "dear": -6.345636360828596, "delivered": -6.345636360828596, "delivery": -6.345636360828596, "dentist": -5.652489180268651, "department": -6.345636360828596, "departs": -5.652489180268651, "departure": -5.652489180268651, "design": -5.652489180268651, "details": -5.652489180268651, "detected": -6.345636360828596, "development": -5.652489180268651, "device": -6.345636360828596, "do": -5.652489180268651, "doc": -6.345636360828596, "document": -5.652489180268651, "downtime": -5.652489180268651, "draw": -6.345636360828596, "due": -5.247024072160486, "during": -5.652489180268651, "edits": -5.652489180268651, "email": -5.652489180268651, "emails": -6.345636360828596, "end": -6.345636360828596, "enter": -6.345636360828596, "entering": -6.345636360828596, "environment": -5.652489180268651, "everyone": -5.652489180268651, "exceeded": -6.345636360828596, "exclusive": -6.345636360828596, "expect": -5.652489180268651, "expire": -6.345636360828596, "expires": -6.345636360828596, "failed": -6.345636360828596, "fee": -6.345636360828596, "few": -5.652489180268651, "final": -6.345636360828596, "find": -5.652489180268651, "flight": -5.247024072160486, "following": -5.652489180268651, "forward": -5.652489180268651, "freegiftcard": -6.345636360828596, "friday": -5.652489180268651, "ft": -6.345636360828596, "full": -6.345636360828596, "get": -5.652489180268651, "gift": -6.345636360828596, "github": -5.652489180268651, "good": -5.652489180268651, "google": -6.345636360828596, "gq": -6.345636360828596, "great": -5.652489180268651, "hall": -5.652489180268651, "hello": -5.247024072160486, "here": -5.652489180268651, "hey": -5.247024072160486, "hi": -4.04305126783455, "holiday": -5.652489180268651, "hours": -5.247024072160486, "hr": -6.345636360828596, "http": -6.345636360828596, "id": -6.345636360828596, "identity": -6.345636360828596, "immediately": -6.345636360828596, "important": -5.652489180268651, "increase": -6.345636360828596, "invoice": -5.652489180268651, "john": -5.652489180268651, "just": -4.736198448394496, "keep": -6.345636360828596, "know": -5.247024072160486, "last": -5.247024072160486, "late": -6.345636360828596, "left": -5.652489180268651, "let": -5.247024072160486, "library": -5.247024072160486, "limited": -6.345636360828596, "local": -5.652489180268651, "log": -5.652489180268651, "login": -6.345636360828596, "looking": -5.652489180268651, "looks": -5.652489180268651, "lose": -6.345636360828596, "lunch": -5.652489180268651, "mail": -6.345636360828596, "mailbox": -6.345636360828596, "main": -5.652489180268651, "maintenance": -5.652489180268651, "me": -4.959341999708705, "meeting": -4.959341999708705, "micros": -6.345636360828596, "microsoft": -6.345636360828596, "minor": -5.652489180268651, "missed": -5.652489180268651, "monday": -5.247024072160486, "month": -4.959341999708705, "monthly": -5.652489180268651, "morning": -5.652489180268651, "need": -5.247024072160486, "needed": -5.247024072160486, "netflix": -6.345636360828596, "new": -5.652489180268651, "newsletter": -5.652489180268651, "next": -5.652489180268651, "night": -5.652489180268651, "no": -5.652489180268651, "noon": -5.652489180268651, "notes": -5.652489180268651, "notice": -6.345636360828596, "noticed": -6.345636360828596, "now": -5.652489180268651, "number": -6.345636360828596, "offer": -6.345636360828596, "office": -5.652489180268651, "official": -5.652489180268651, "one": -6.345636360828596, "online": -5.247024072160486, "open": -6.345636360828596, "opens": -5.652489180268651, "order": -5.247024072160486, "otp": -6.345636360828596, "outlook": -6.345636360828596, "overall": -5.652489180268651, "overdue": -6.345636360828596, "package": -5.652489180268651, "password": -6.345636360828596, "pay": -6.345636360828596, "payment": -5.652489180268651, "paypal": -6.345636360828596, "pdf": -5.652489180268651, "pending": -6.345636360828596, "per": -5.652489180268651, "period": -5.652489180268651, "permanently": -6.345636360828596, "pin": -6.345636360828596, "planning": -5.652489180268651, "pm": -5.652489180268651, "portal": -5.652489180268651, "prize": -6.345636360828596, "process": -6.345636360828596, "project": -5.652489180268651, "public": -5.652489180268651, "purchase": -5.652489180268651, "quarterly": -5.652489180268651, "questions": -5.652489180268651, "quick": -5.652489180268651, "quota": -6.345636360828596, "re": -6.345636360828596, "receipt": -5.652489180268651, "receive": -6.345636360828596, "received": -6.345636360828596, "recent": -6.345636360828596, "records": -5.652489180268651, "refund": -6.345636360828596, "regular": -5.652489180268651, "reminder": -4.959341999708705, "renew": -5.652489180268651, "renewal": -5.652489180268651, "reply": -5.652489180268651, "report": -5.652489180268651, "repository": -5.652489180268651, "request": -6.345636360828596, "required": -6.345636360828596, "reschedule": -5.652489180268651, "reset": -6.345636360828596, "restricted": -6.345636360828596, "resume": -5.652489180268651, "review": -5.652489180268651, "reviewed": -5.652489180268651, "reward": -6.345636360828596, "room": -5.652489180268651, "rush": -5.652489180268651, "safety": -6.345636360828596, "same": -6.345636360828596, "sarah": -5.652489180268651, "saturday": -5.652489180268651, "scheduled": -5.247024072160486, "secure": -6.345636360828596, "security": -6.345636360828596, "see": -5.652489180268651, "seeing": -5.652489180268651, "selected": -6.345636360828596, "send": -5.652489180268651, "server": -5.652489180268651, "set": -5.652489180268651, "shared": -5.652489180268651, "shipped": -5.652489180268651, "should": -5.652489180268651, "shows": -6.345636360828596, "sign": -6.345636360828596, "signing": -5.652489180268651, "small": -6.345636360828596, "social": -6.345636360828596, "someone": -6.345636360828596, "sprint": -5.652489180268651,